5,登录,p1,验证登录是否成功,1.。。2。。。3.。。,环境准备就绪,登录成功,登录成功,登录成功
7,登录,p1,验证登录是否成功,1.。。2。。。3.。。,环境准备就绪,登录成功,登录成功,登录成功
8,登录,p1,验证登录是否成功,1.。。2。。。3.。。,环境准备就绪,登录成功,登录成功,登录成功
9,登录,p1,验证登录是否成功,1.。。2。。。3.。。,环境准备就绪,登录成功,登录成功,登录成功
12,登录,p1,验证登录是否成功,1.。。2。。。3.。。,环境准备就绪,登录成功,登录成功,登录成功
13,登录,p1,验证登录是否成功,1.。。2。。。3.。。,环境准备就绪,登录成功,登录成功,登录成功
16,登录,p1,验证登录是否成功,1.。。2。。。3.。。,环境准备就绪,登录成功,登录成功,登录成功
17,登录,p1,验证登录是否成功,1.。。2。。。3.。。,环境准备就绪,登录成功,登录成功,登录成功
20,登录,p1,验证登录是否成功,1.。。2。。。3.。。,环境准备就绪,登录成功,登录成功,登录成功
21,登录,p1,验证登录是否成功,1.。。2。。。3.。。,环境准备就绪,登录成功,登录成功,登录成功
